{"stats":{"minecraft:mined":{"minecraft:acacia_log":2,"minecraft:grass":2},"minecraft:killed":{"minecraft:spider":3,"minecraft:phantom":1,"minecraft:skeleton":2,"alexsmobs:flying_fish":2,"alexsmobs:seal":5,"minecraft:wandering_trader":1,"minecraft:creeper":10,"minecraft:trader_llama":3,"minecraft:zombie":16,"alexsmobs:elephant":2,"alexsmobs:fly":1,"minecraft:enderman":1},"minecraft:custom":{"minecraft:interact_with_anvil":1,"minecraft:mob_kills":48,"minecraft:open_barrel":2,"minecraft:leave_game":20,"minecraft:time_since_death":500511,"minecraft:climb_one_cm":2733,"minecraft:sprint_one_cm":876077,"minecraft:walk_one_cm":3927764,"minecraft:drop":12,"minecraft:damage_dealt_absorbed":135,"minecraft:talked_to_villager":1,"minecraft:target_hit":1,"minecraft:walk_under_water_one_cm":54190,"minecraft:play_time":1311210,"minecraft:deaths":5,"minecraft:sneak_time":29554,"minecraft:boat_one_cm":113,"minecraft:jump":1881,"minecraft:walk_on_water_one_cm":220125,"minecraft:total_world_time":1311210,"minecraft:time_since_rest":500536,"minecraft:damage_dealt":9465,"minecraft:fly_one_cm":12203820,"minecraft:open_chest":3,"minecraft:crouch_one_cm":51695,"minecraft:fall_one_cm":1579},"minecraft:picked_up":{"minecraft:ladder":13,"minecraft:lead":4,"minecraft:cooked_rabbit":1,"minecraft:chain":1,"minecraft:string":4,"immersive_melodies:lute":2,"immersive_melodies:trumpet":1,"minecraft:chest":2,"minecraft:enchanted_golden_apple":1,"immersive_melodies:triangle":1,"minecraft:phantom_membrane":1,"minecraft:stick":23,"minecraft:torch":76,"immersive_melodies:tiny_drum":2,"minecraft:acacia_log":2,"alexsmobs:crocodile_scute":1,"farmersdelight:cooked_cod_slice":1,"minecraft:arrow":6,"minecraft:rotten_flesh":11,"alexsmobs:emu_egg":1,"immersive_melodies:flute":1,"alexsmobs:flying_fish":8,"easy_npc:move_easy_npc":1,"minecraft:leather":2,"alexsmobs:acacia_blossom":2,"immersive_melodies:bagpipe":1,"minecraft:gunpowder":11,"alexsmobs:mosquito_larva":2,"minecraft:lantern":4,"relda:gold_coin":5,"minecraft:bone":3,"minecraft:wheat_seeds":70,"minecraft:cobweb":1,"easy_npc:easy_npc_wand":1,"minecraft:acacia_sapling":1,"farmersdelight:full_tatami_mat":1,"alexsmobs:shark_tooth":1,"minecraft:sand":6,"minecraft:granite_slab":1,"minecraft:spruce_door":23,"minecraft:spider_eye":4,"immersive_melodies:piano":1,"immersive_melodies:didgeridoo":1,"alexsmobs:tarantula_hawk_wing_fragment":3,"minecraft:spruce_sign":1,"minecraft:emerald":1,"alexsmobs:maggot":12},"minecraft:dropped":{"minecraft:wheat_seeds":2,"easy_npc:move_easy_npc":1,"farmersdelight:cooked_cod_slice":1,"alexsmobs:flying_fish":2,"minecraft:granite_slab":1,"minecraft:rotten_flesh":5},"minecraft:used":{"fantasyfurniture:dunmer/counter":1,"minecraft:oak_fence":4,"minecraft:oak_trapdoor":4,"minecraft:iron_bars":17,"minecraft:iron_shovel":231,"fantasyfurniture:dunmer/painting_wide":1,"minecraft:spruce_slab":119,"days_in_the_middle_ages:sword_pile":5,"fantasyfurniture:nordic/counter":28,"minecraft:ladder":17,"medieval_deco:fish_barrel_salmon":4,"minecraft:spruce_planks":677,"minecraft:chest":8,"farmersdelight:stove":1,"minecraft:stone":228,"cuffed:reinforced_stone":1,"handcrafted:jungle_dining_bench":10,"farmersdelight:rice_bag":1,"handcrafted:stackable_book":2,"minecraft:torch":189,"days_in_the_middle_ages:skeletonremains":4,"handcrafted:oak_table":11,"minecraft:dirt":258,"handcrafted:oak_side_table":4,"minecraft:anvil":2,"minecraft:target":4,"easy_npc:humanoid_slim_spawn_egg":12,"fantasyfurniture:nordic/dresser":1,"handcrafted:spruce_dining_bench":8,"farmersdelight:carrot_crate":3,"minecraft:brick_slab":89,"farmersdelight:cooked_cod_slice":7,"minecraft:jungle_planks":106,"minecraft:spruce_stairs":216,"handcrafted:spruce_chair":12,"minecraft:cobblestone_wall":126,"relda:flavo_book_shelf":2,"handcrafted:wood_cup":10,"handcrafted:oak_counter":1,"fantasyfurniture:dunmer/table_small":2,"handcrafted:wood_crockery_combo":7,"relda:teir_1crafting":2,"minecraft:spruce_fence":409,"days_in_the_middle_ages:sword_in_wall":2,"fantasyfurniture:dunmer/shelf":2,"relda:bookstack_1":6,"minecraft:milk_bucket":2,"minecraft:stripped_spruce_log":356,"minecraft:polished_diorite":226,"handcrafted:wither_skeleton_trophy":2,"minecraft:spruce_boat":11,"minecraft:glass":13,"minecraft:stone_brick_slab":148,"minecraft:sea_lantern":35,"minecraft:lava_bucket":10,"minecraft:bricks":206,"minecraft:lantern":120,"minecraft:grass_block":20,"minecraft:oak_stairs":14,"minecraft:brick_stairs":627,"epicfight:iron_dagger":27,"relda:paper_and_quill":1,"epicfight:glove":20,"farmersdelight:beetroot_crate":1,"fantasyfurniture:dunmer/chair":49,"farmersdelight:cabbage_crate":2,"minecraft:mud_bricks":143,"days_in_the_middle_ages:well_roof_oak":1,"minecraft:barrel":21,"minecraft:stone_brick_stairs":164,"minecraft:stone_bricks":4012,"fantasyfurniture:dunmer/desk_left":4,"fantasyfurniture:dunmer/chandelier":12,"relda:teir_2craft":1,"fantasyfurniture:nordic/chandelier":1,"handcrafted:jungle_chair":2,"handcrafted:jungle_corner_trim":4,"farmersdelight:basket":1,"farmersdelight:cutting_board":3,"minecraft:bow":1,"fantasyfurniture:dunmer/table_large":8,"relda:tiny_scroll":1,"minecraft:podzol":130,"farmersdelight:cooking_pot":1,"fantasyfurniture:dunmer/wall_light":17,"handcrafted:wood_plate":5,"minecraft:orange_terracotta":17,"minecraft:mossy_stone_brick_wall":2,"relda:bookstack_2":2,"minecraft:bamboo_planks":6,"minecraft:stripped_spruce_wood":135,"handcrafted:jungle_bench":5,"farmersdelight:potato_crate":2,"farmersdelight:full_tatami_mat":2,"dummmmmmy:target_dummy":9,"minecraft:water_bucket":347,"minecraft:mossy_stone_bricks":55,"minecraft:bamboo_mosaic":10,"minecraft:end_stone_bricks":139,"minecraft:cobblestone_stairs":114,"minecraft:dirt_path":11,"minecraft:spruce_door":26,"farmersdelight:skillet":2,"fantasyfurniture:decorations/floating_tomes":2,"fantasyfurniture:dunmer/desk_right":6,"fantasyfurniture:decorations/coin_stack_iron":4,"relda:viridi_book_shelf":1,"minecraft:black_glazed_terracotta":28,"fantasyfurniture:nordic/wall_light":58,"minecraft:spruce_sign":48,"minecraft:stonecutter":4,"minecraft:spruce_fence_gate":12,"fantasyfurniture:royal/wall_light":37,"smallships:oak_cog":1,"medieval_deco:fish_barrel":4,"minecraft:mossy_cobblestone":63,"minecraft:sand":156,"minecraft:terracotta":13,"minecraft:campfire":126,"minecraft:stone_brick_wall":229,"relda:coin_stack":2,"minecraft:spruce_log":340,"cuffed:reinforced_bars":2,"days_in_the_middle_ages:skeleton_1":4,"minecraft:lever":1,"fantasyfurniture:decorations/paper_stack":1,"relda:caeruleum_book_shelf":1,"minecraft:stone_button":1,"fantasyfurniture:dunmer/table_wide":7,"minecraft:spruce_trapdoor":82,"fantasyfurniture:dunmer/lockbox":1,"minecraft:acacia_chest_boat":7,"easy_npc:fairy_spawn_egg":1,"bountiful:bountyboard":3,"minecraft:wooden_sword":16,"minecraft:cobblestone":131,"minecraft:mud_brick_wall":47,"minecraft:grindstone":2,"fantasyfurniture:venthyr/counter":1,"minecraft:smithing_table":5,"minecraft:chain":33,"minecraft:bucket":100,"minecraft:glass_pane":64,"fantasyfurniture:decorations/coin_stack_gold":1,"alexsmobs:animal_dictionary":1,"minecraft:oak_boat":8,"minecraft:coarse_dirt":2533,"minecraft:smooth_stone":11}},"DataVersion":3465}