{"stats":{"minecraft:killed":{"minecraft:spider":1,"minecraft:wandering_trader":1,"minecraft:creeper":5,"minecraft:trader_llama":3,"minecraft:zombie":10,"alexsmobs:elephant":2,"alexsmobs:fly":1,"alexsmobs:flying_fish":2,"minecraft:enderman":1},"minecraft:mined":{"minecraft:acacia_log":2,"minecraft:grass":2},"minecraft:picked_up":{"minecraft:leather":2,"minecraft:lead":4,"alexsmobs:acacia_blossom":2,"minecraft:cooked_rabbit":1,"minecraft:chain":1,"minecraft:gunpowder":4,"alexsmobs:mosquito_larva":2,"minecraft:string":2,"minecraft:lantern":4,"relda:gold_coin":5,"minecraft:wheat_seeds":57,"minecraft:cobweb":1,"minecraft:enchanted_golden_apple":1,"minecraft:chest":2,"minecraft:stick":12,"minecraft:torch":75,"alexsmobs:shark_tooth":1,"minecraft:acacia_log":2,"minecraft:sand":6,"minecraft:granite_slab":1,"minecraft:spider_eye":2,"minecraft:spruce_door":23,"alexsmobs:crocodile_scute":1,"farmersdelight:cooked_cod_slice":1,"minecraft:rotten_flesh":7,"alexsmobs:tarantula_hawk_wing_fragment":3,"alexsmobs:emu_egg":1,"minecraft:emerald":1,"alexsmobs:maggot":12,"alexsmobs:flying_fish":7},"minecraft:custom":{"minecraft:interact_with_anvil":1,"minecraft:mob_kills":26,"minecraft:open_barrel":1,"minecraft:leave_game":6,"minecraft:time_since_death":713406,"minecraft:time_since_rest":713406,"minecraft:sprint_one_cm":598643,"minecraft:walk_one_cm":2776882,"minecraft:drop":10,"minecraft:damage_dealt":6013,"minecraft:damage_dealt_absorbed":135,"minecraft:talked_to_villager":1,"minecraft:fly_one_cm":4977757,"minecraft:crouch_one_cm":32788,"minecraft:play_time":713406,"minecraft:sneak_time":14822,"minecraft:walk_under_water_one_cm":50234,"minecraft:boat_one_cm":113,"minecraft:jump":1135,"minecraft:walk_on_water_one_cm":217296,"minecraft:total_world_time":713406,"minecraft:fall_one_cm":1579},"minecraft:used":{"fantasyfurniture:dunmer/counter":1,"minecraft:oak_fence":4,"dummmmmmy:target_dummy":6,"minecraft:oak_trapdoor":4,"minecraft:water_bucket":347,"minecraft:mossy_stone_bricks":55,"minecraft:iron_bars":17,"minecraft:bamboo_mosaic":10,"minecraft:spruce_door":22,"minecraft:end_stone_bricks":139,"minecraft:dirt_path":11,"minecraft:iron_shovel":231,"minecraft:cobblestone_stairs":107,"fantasyfurniture:dunmer/painting_wide":1,"fantasyfurniture:decorations/floating_tomes":2,"minecraft:spruce_slab":80,"days_in_the_middle_ages:sword_pile":5,"fantasyfurniture:nordic/counter":28,"fantasyfurniture:decorations/coin_stack_iron":2,"fantasyfurniture:dunmer/desk_right":6,"medieval_deco:fish_barrel_salmon":4,"relda:viridi_book_shelf":1,"minecraft:spruce_planks":574,"minecraft:chest":6,"minecraft:stone":215,"minecraft:black_glazed_terracotta":28,"fantasyfurniture:nordic/wall_light":43,"minecraft:spruce_sign":48,"minecraft:stonecutter":4,"minecraft:spruce_fence_gate":8,"handcrafted:stackable_book":2,"smallships:oak_cog":1,"days_in_the_middle_ages:skeletonremains":4,"minecraft:torch":186,"medieval_deco:fish_barrel":4,"minecraft:mossy_cobblestone":63,"minecraft:anvil":2,"minecraft:sand":156,"minecraft:target":4,"minecraft:terracotta":11,"fantasyfurniture:nordic/dresser":1,"minecraft:brick_slab":89,"farmersdelight:cooked_cod_slice":7,"minecraft:jungle_planks":104,"minecraft:spruce_stairs":192,"minecraft:cobblestone_wall":126,"relda:flavo_book_shelf":2,"minecraft:campfire":126,"handcrafted:oak_counter":1,"minecraft:stone_brick_wall":4,"fantasyfurniture:dunmer/shelf":2,"fantasyfurniture:dunmer/table_small":2,"relda:coin_stack":2,"relda:teir_1crafting":2,"minecraft:spruce_fence":364,"days_in_the_middle_ages:sword_in_wall":2,"minecraft:spruce_log":340,"relda:bookstack_1":4,"minecraft:stripped_spruce_log":326,"minecraft:polished_diorite":226,"handcrafted:wither_skeleton_trophy":2,"minecraft:glass":13,"days_in_the_middle_ages:skeleton_1":4,"minecraft:stone_brick_slab":148,"minecraft:sea_lantern":35,"minecraft:lava_bucket":10,"minecraft:bricks":203,"fantasyfurniture:decorations/paper_stack":1,"minecraft:grass_block":20,"minecraft:lantern":120,"minecraft:oak_stairs":14,"relda:caeruleum_book_shelf":1,"minecraft:brick_stairs":627,"epicfight:iron_dagger":27,"fantasyfurniture:dunmer/table_wide":7,"relda:paper_and_quill":1,"minecraft:spruce_trapdoor":51,"fantasyfurniture:dunmer/chair":43,"minecraft:mud_bricks":143,"fantasyfurniture:dunmer/lockbox":1,"days_in_the_middle_ages:well_roof_oak":1,"minecraft:barrel":11,"minecraft:stone_brick_stairs":164,"minecraft:stone_bricks":2571,"fantasyfurniture:dunmer/desk_left":4,"fantasyfurniture:dunmer/chandelier":12,"relda:teir_2craft":1,"handcrafted:jungle_corner_trim":4,"fantasyfurniture:nordic/chandelier":1,"minecraft:cobblestone":131,"fantasyfurniture:dunmer/table_large":7,"relda:tiny_scroll":1,"fantasyfurniture:venthyr/counter":1,"minecraft:grindstone":2,"minecraft:smithing_table":5,"minecraft:podzol":130,"minecraft:bucket":100,"minecraft:chain":32,"minecraft:glass_pane":4,"alexsmobs:animal_dictionary":1,"minecraft:oak_boat":8,"fantasyfurniture:dunmer/wall_light":17,"minecraft:coarse_dirt":2533,"relda:bookstack_2":2,"minecraft:mossy_stone_brick_wall":2,"minecraft:smooth_stone":11,"minecraft:bamboo_planks":6,"minecraft:stripped_spruce_wood":135},"minecraft:dropped":{"minecraft:wheat_seeds":2,"minecraft:rotten_flesh":4,"farmersdelight:cooked_cod_slice":1,"alexsmobs:flying_fish":2,"minecraft:granite_slab":1}},"DataVersion":3465}