{"stats":{"minecraft:used":{"fantasyfurniture:dunmer/counter":1,"minecraft:oak_trapdoor":4,"minecraft:oak_fence":4,"minecraft:iron_bars":17,"minecraft:iron_shovel":231,"fantasyfurniture:dunmer/painting_wide":1,"minecraft:spruce_slab":119,"days_in_the_middle_ages:sword_pile":5,"fantasyfurniture:nordic/counter":28,"minecraft:ladder":17,"medieval_deco:fish_barrel_salmon":4,"minecraft:chest":6,"minecraft:spruce_planks":675,"minecraft:stone":215,"handcrafted:stackable_book":2,"minecraft:torch":186,"days_in_the_middle_ages:skeletonremains":4,"minecraft:target":4,"minecraft:anvil":2,"easy_npc:humanoid_slim_spawn_egg":4,"fantasyfurniture:nordic/dresser":1,"handcrafted:spruce_dining_bench":8,"minecraft:brick_slab":89,"farmersdelight:cooked_cod_slice":7,"minecraft:jungle_planks":106,"minecraft:spruce_stairs":192,"minecraft:cobblestone_wall":126,"relda:flavo_book_shelf":2,"handcrafted:oak_counter":1,"fantasyfurniture:dunmer/table_small":2,"relda:teir_1crafting":2,"minecraft:spruce_fence":409,"days_in_the_middle_ages:sword_in_wall":2,"fantasyfurniture:dunmer/shelf":2,"relda:bookstack_1":6,"minecraft:stripped_spruce_log":356,"minecraft:polished_diorite":226,"handcrafted:wither_skeleton_trophy":2,"minecraft:spruce_boat":11,"minecraft:glass":13,"minecraft:stone_brick_slab":148,"minecraft:sea_lantern":35,"minecraft:lava_bucket":10,"minecraft:bricks":206,"minecraft:lantern":120,"minecraft:grass_block":20,"minecraft:oak_stairs":14,"minecraft:brick_stairs":627,"epicfight:iron_dagger":27,"relda:paper_and_quill":1,"epicfight:glove":20,"fantasyfurniture:dunmer/chair":43,"minecraft:mud_bricks":143,"minecraft:stone_brick_stairs":164,"minecraft:barrel":11,"days_in_the_middle_ages:well_roof_oak":1,"minecraft:stone_bricks":2841,"fantasyfurniture:dunmer/desk_left":4,"relda:teir_2craft":1,"fantasyfurniture:dunmer/chandelier":12,"fantasyfurniture:nordic/chandelier":1,"handcrafted:jungle_corner_trim":4,"fantasyfurniture:dunmer/table_large":7,"relda:tiny_scroll":1,"minecraft:podzol":130,"fantasyfurniture:dunmer/wall_light":17,"minecraft:orange_terracotta":17,"minecraft:mossy_stone_brick_wall":2,"minecraft:bamboo_planks":6,"relda:bookstack_2":2,"minecraft:stripped_spruce_wood":135,"dummmmmmy:target_dummy":9,"minecraft:mossy_stone_bricks":55,"minecraft:water_bucket":347,"minecraft:bamboo_mosaic":10,"minecraft:end_stone_bricks":139,"minecraft:cobblestone_stairs":114,"minecraft:dirt_path":11,"minecraft:spruce_door":26,"fantasyfurniture:decorations/floating_tomes":2,"fantasyfurniture:decorations/coin_stack_iron":2,"fantasyfurniture:dunmer/desk_right":6,"relda:viridi_book_shelf":1,"minecraft:black_glazed_terracotta":28,"fantasyfurniture:nordic/wall_light":56,"minecraft:spruce_sign":48,"minecraft:stonecutter":4,"minecraft:spruce_fence_gate":8,"smallships:oak_cog":1,"minecraft:mossy_cobblestone":63,"medieval_deco:fish_barrel":4,"minecraft:sand":156,"minecraft:terracotta":13,"minecraft:campfire":126,"minecraft:stone_brick_wall":130,"relda:coin_stack":2,"minecraft:spruce_log":340,"days_in_the_middle_ages:skeleton_1":4,"fantasyfurniture:decorations/paper_stack":1,"relda:caeruleum_book_shelf":1,"fantasyfurniture:dunmer/table_wide":7,"minecraft:spruce_trapdoor":82,"fantasyfurniture:dunmer/lockbox":1,"minecraft:acacia_chest_boat":7,"easy_npc:fairy_spawn_egg":1,"bountiful:bountyboard":3,"minecraft:wooden_sword":16,"minecraft:cobblestone":131,"minecraft:mud_brick_wall":47,"minecraft:grindstone":2,"fantasyfurniture:venthyr/counter":1,"minecraft:smithing_table":5,"minecraft:bucket":100,"minecraft:chain":33,"minecraft:glass_pane":4,"minecraft:oak_boat":8,"alexsmobs:animal_dictionary":1,"minecraft:coarse_dirt":2533,"minecraft:smooth_stone":11},"minecraft:picked_up":{"minecraft:ladder":13,"minecraft:lead":4,"minecraft:cooked_rabbit":1,"minecraft:chain":1,"minecraft:string":4,"minecraft:enchanted_golden_apple":1,"minecraft:chest":2,"minecraft:phantom_membrane":1,"minecraft:stick":23,"minecraft:torch":76,"minecraft:acacia_log":2,"alexsmobs:crocodile_scute":1,"farmersdelight:cooked_cod_slice":1,"minecraft:arrow":1,"minecraft:rotten_flesh":8,"alexsmobs:emu_egg":1,"alexsmobs:flying_fish":7,"minecraft:leather":2,"alexsmobs:acacia_blossom":2,"minecraft:gunpowder":5,"alexsmobs:mosquito_larva":2,"minecraft:lantern":4,"relda:gold_coin":5,"minecraft:wheat_seeds":65,"minecraft:cobweb":1,"alexsmobs:shark_tooth":1,"minecraft:sand":6,"minecraft:granite_slab":1,"minecraft:spruce_door":23,"minecraft:spider_eye":3,"alexsmobs:tarantula_hawk_wing_fragment":3,"minecraft:spruce_sign":1,"minecraft:emerald":1,"alexsmobs:maggot":12},"minecraft:mined":{"minecraft:acacia_log":2,"minecraft:grass":2},"minecraft:custom":{"minecraft:mob_kills":32,"minecraft:interact_with_anvil":1,"minecraft:open_barrel":1,"minecraft:leave_game":12,"minecraft:time_since_death":244696,"minecraft:climb_one_cm":2733,"minecraft:sprint_one_cm":710635,"minecraft:walk_one_cm":3276431,"minecraft:drop":11,"minecraft:damage_dealt_absorbed":135,"minecraft:talked_to_villager":1,"minecraft:play_time":1055395,"minecraft:deaths":5,"minecraft:sneak_time":22387,"minecraft:walk_under_water_one_cm":50234,"minecraft:boat_one_cm":113,"minecraft:jump":1440,"minecraft:walk_on_water_one_cm":217853,"minecraft:total_world_time":1055395,"minecraft:time_since_rest":244721,"minecraft:damage_dealt":7098,"minecraft:fly_one_cm":8833230,"minecraft:crouch_one_cm":43758,"minecraft:fall_one_cm":1579},"minecraft:killed":{"minecraft:spider":2,"minecraft:phantom":1,"alexsmobs:flying_fish":2,"minecraft:wandering_trader":1,"minecraft:creeper":6,"minecraft:trader_llama":3,"minecraft:zombie":13,"alexsmobs:elephant":2,"alexsmobs:fly":1,"minecraft:enderman":1},"minecraft:dropped":{"minecraft:wheat_seeds":2,"farmersdelight:cooked_cod_slice":1,"alexsmobs:flying_fish":2,"minecraft:granite_slab":1,"minecraft:rotten_flesh":5}},"DataVersion":3465}