{"stats":{"minecraft:used":{"alexsmobs:emu_egg":1,"minecraft:creeper_spawn_egg":12,"dummmmmmy:target_dummy":3,"easy_npc:allay_spawn_egg":1,"minecraft:red_sand":39,"minecraft:sea_lantern":11,"minecraft:end_stone_bricks":5,"minecraft:bricks":39,"minecraft:iron_shovel":19,"farmersdelight:skillet":3,"easy_npc:skeleton_spawn_egg":2,"minecraft:cracked_deepslate_bricks":317,"farmersdelight:cherry_cabinet":1,"minecraft:grass_block":2,"easy_npc:zombie_horse_spawn_egg":1,"minecraft:cherry_chest_boat":1,"minecraft:spruce_planks":12,"farmersdelight:stove":2,"fantasyfurniture:venthyr/floor_light":8,"minecraft:acacia_chest_boat":1,"easy_npc:skeleton_horse_spawn_egg":1,"minecraft:structure_block":60,"minecraft:stone_bricks":635,"minecraft:deepslate_bricks":1,"fantasyfurniture:dunmer/chandelier":7,"easy_npc:husk_spawn_egg":1,"easy_npc:vindicator_spawn_egg":1,"minecraft:reinforced_deepslate":5,"minecraft:diamond_sword":156,"farmersdelight:cutting_board":2,"easy_npc:humanoid_slim_spawn_egg":1,"minecraft:brick_slab":2,"farmersdelight:cooked_cod_slice":6,"minecraft:spruce_stairs":41,"minecraft:podzol":1,"farmersdelight:safety_net":4,"farmersdelight:cooking_pot":1,"minecraft:chain":18,"alexsmobs:animal_dictionary":1,"minecraft:coarse_dirt":185,"easy_npc:orc_warrior_spawn_egg":1,"minecraft:spruce_fence":11,"minecraft:spruce_log":42,"minecraft:stripped_spruce_log":1,"minecraft:enchanted_golden_apple":14,"minecraft:polished_diorite":1,"minecraft:stripped_spruce_wood":124},"minecraft:picked_up":{"minecraft:ladder":2,"minecraft:torch":6,"minecraft:cooked_rabbit":2,"minecraft:gunpowder":9,"farmersdelight:cutting_board":1,"minecraft:spruce_door":7,"minecraft:string":2,"minecraft:lantern":23,"farmersdelight:cooked_cod_slice":6,"minecraft:bone":3,"minecraft:rotten_flesh":5,"minecraft:wheat_seeds":4,"minecraft:bone_meal":1,"farmersdelight:cod_slice":61,"alexsmobs:emu_egg":1,"minecraft:rabbit":1,"minecraft:phantom_membrane":1,"alexsmobs:flying_fish":3},"minecraft:killed":{"minecraft:skeleton":2,"minecraft:trader_llama":1,"minecraft:zombie":2,"minecraft:spider":1,"minecraft:wandering_trader":1,"minecraft:phantom":3},"minecraft:dropped":{"farmersdelight:cooked_cod_slice":1,"alexsmobs:flying_fish":1,"minecraft:chain":1,"minecraft:enchanted_golden_apple":1},"minecraft:custom":{"minecraft:time_since_rest":93486,"minecraft:sprint_one_cm":212578,"minecraft:walk_one_cm":1359506,"minecraft:mob_kills":10,"minecraft:drop":4,"minecraft:damage_dealt":1923,"minecraft:talked_to_villager":1,"minecraft:fly_one_cm":4741216,"minecraft:crouch_one_cm":27454,"minecraft:play_time":376720,"minecraft:deaths":1,"minecraft:sneak_time":7285,"minecraft:walk_under_water_one_cm":51755,"minecraft:boat_one_cm":385,"minecraft:jump":790,"minecraft:leave_game":8,"minecraft:walk_on_water_one_cm":74906,"minecraft:time_since_death":93408,"minecraft:climb_one_cm":1630,"minecraft:total_world_time":376720,"minecraft:fall_one_cm":248}},"DataVersion":3465}