{"stats":{"minecraft:killed":{"minecraft:spider":1,"minecraft:wandering_trader":1,"minecraft:creeper":1,"minecraft:phantom":3,"minecraft:skeleton":7,"minecraft:trader_llama":1,"minecraft:zombie":4},"minecraft:custom":{"minecraft:mob_kills":18,"minecraft:leave_game":18,"minecraft:time_since_death":425400,"minecraft:climb_one_cm":1630,"minecraft:time_since_rest":425478,"minecraft:sprint_one_cm":271847,"minecraft:walk_one_cm":2017975,"minecraft:drop":18,"minecraft:damage_dealt":3465,"minecraft:fly_one_cm":9506887,"minecraft:talked_to_villager":1,"minecraft:target_hit":4,"minecraft:open_chest":5,"minecraft:crouch_one_cm":34859,"minecraft:play_time":708712,"minecraft:deaths":1,"minecraft:sneak_time":16628,"minecraft:walk_under_water_one_cm":72188,"minecraft:boat_one_cm":385,"minecraft:jump":1065,"minecraft:walk_on_water_one_cm":78737,"minecraft:total_world_time":708712,"minecraft:fall_one_cm":248},"minecraft:picked_up":{"minecraft:ladder":2,"minecraft:cooked_rabbit":2,"immersive_melodies:bagpipe":6,"minecraft:gunpowder":11,"farmersdelight:cutting_board":1,"minecraft:string":2,"minecraft:lantern":23,"minecraft:bone":9,"minecraft:wheat_seeds":4,"farmersdelight:cod_slice":61,"minecraft:rabbit":1,"easy_npc:easy_npc_wand":1,"minecraft:phantom_membrane":1,"magistuarmory:grand_bascinet":1,"minecraft:torch":6,"immersive_melodies:tiny_drum":2,"minecraft:spruce_door":7,"farmersdelight:cooked_cod_slice":6,"minecraft:arrow":2,"minecraft:rotten_flesh":5,"minecraft:bone_meal":1,"alexsmobs:emu_egg":2,"minecraft:bread":2,"alexsmobs:flying_fish":3,"easy_npc:move_easy_npc":1},"minecraft:dropped":{"easy_npc:easy_npc_wand":2,"immersive_melodies:bagpipe":6,"magistuarmory:grand_bascinet":2,"minecraft:enchanted_golden_apple":1,"easy_npc:move_easy_npc":1,"magistuarmory:kastenbrust_leggings":1,"magistuarmory:kastenbrust_boots":1,"farmersdelight:cooked_cod_slice":1,"magistuarmory:kastenbrust_chestplate":1,"alexsmobs:flying_fish":1,"minecraft:chain":1},"minecraft:used":{"alexsmobs:emu_egg":1,"minecraft:deepslate_brick_wall":78,"dummmmmmy:target_dummy":3,"minecraft:mossy_stone_bricks":8,"minecraft:netherite_sword":22,"minecraft:iron_bars":83,"minecraft:end_stone_bricks":5,"minecraft:red_sand":45,"minecraft:iron_shovel":19,"farmersdelight:skillet":3,"minecraft:cracked_deepslate_bricks":630,"farmersdelight:cherry_cabinet":1,"easy_npc:zombie_horse_spawn_egg":1,"minecraft:spruce_planks":12,"alexsmobs:sculk_boomer":2,"farmersdelight:stove":2,"minecraft:calibrated_sculk_sensor":3,"easy_npc:skeleton_horse_spawn_egg":1,"minecraft:structure_block":63,"minecraft:deepslate_bricks":1,"minecraft:cracked_stone_bricks":2,"minecraft:spruce_leaves":1,"minecraft:orange_stained_glass":52,"easy_npc:humanoid_slim_spawn_egg":10,"minecraft:brick_slab":2,"farmersdelight:cooked_cod_slice":6,"minecraft:spruce_stairs":41,"minecraft:sculk_shrieker":3,"minecraft:acacia_leaves":1,"minecraft:deepslate_brick_slab":18,"minecraft:stone_brick_wall":65,"minecraft:spruce_fence":11,"minecraft:spruce_log":42,"minecraft:deepslate_brick_stairs":25,"minecraft:stripped_spruce_log":1,"minecraft:polished_diorite":1,"minecraft:creeper_spawn_egg":12,"minecraft:stone_brick_slab":30,"easy_npc:allay_spawn_egg":1,"minecraft:sea_lantern":15,"minecraft:acacia_stairs":16,"minecraft:bricks":39,"easy_npc:skeleton_spawn_egg":2,"minecraft:grass_block":2,"minecraft:verdant_froglight":49,"minecraft:polished_deepslate_wall":147,"minecraft:lectern":1,"minecraft:cherry_chest_boat":1,"fantasyfurniture:venthyr/floor_light":8,"easy_npc:easy_npc_spawner":1,"minecraft:acacia_chest_boat":1,"minecraft:stone_brick_stairs":192,"minecraft:stone_bricks":1283,"fantasyfurniture:dunmer/chandelier":7,"easy_npc:husk_spawn_egg":1,"easy_npc:vindicator_spawn_egg":1,"minecraft:reinforced_deepslate":40,"minecraft:diamond_sword":156,"farmersdelight:cutting_board":2,"minecraft:bow":31,"minecraft:azalea_leaves":554,"minecraft:podzol":1,"farmersdelight:safety_net":4,"farmersdelight:cooking_pot":1,"minecraft:chain":18,"alexsmobs:animal_dictionary":1,"minecraft:coarse_dirt":185,"minecraft:enchanted_golden_apple":14,"easy_npc:orc_warrior_spawn_egg":1,"minecraft:stripped_spruce_wood":124}},"DataVersion":3465}